id;first_name;last_name;gender;email;phone;adress_line_1;adress_line_2;city;state_province;zip_code;country
1;Chelsey;Wyman;Gendervoid;")Y<L@d52\[.5z*";1-383-473-2680;experiences;Sahara;Kassandrabury;deposit Tennessee Chile;24837;Ethiopia
2;Hazle;Rutherford;GenderNonConforming;"{2w+j@z4q.I)7`q?";1-267-205-0647;Specialist database;Tennessee Handmade violet;Lake Auroretown;Renminbi plum;77121;Peru
3;Dewayne;Osinski;Agender;"H0$4@1jF\o^.0]tMY";(657) 516-6830 x12277;hacking;Berkshire;South Clintonhaven;override;46210;Niue
4;Alexandria;Towne;CisGender;"on[@L(`x.M/F},Y";301-549-3024 x96049;transmitting Designer;multi-tasking;New Clairfort;high-level compressing;68763;Greenland
5;Burnice;Balistreri;CisGender;"i+@b.;x[%p";947.788.0692;Stand-alone Mississippi;Cambridgeshire SMTP Licensed;Hermanside;Meadows Brand;87970;Burkina Faso
6;Nichole;Turner;Genderqueer;"Gf@$mWE.'E,x|";1-678-577-7871;Strategist full-range;SAS;East Cobyburgh;multi-byte Mississippi payment;22212;Suriname
7;Kelley;Boyer;NonBinary;"hn[N@:b.S";1-995-511-6184 x4108;Account;calculate Wall;Kendrickmouth;e-tailers;87380;Qatar
8;Ivy;Will;GenderFluid;"LWdD@X.9G(q4E";1-896-759-2957;Savings uniform;JSON Data synthesize;Lake Kyra;Engineer;53556;Kiribati
9;Olen;Will;Male;"&J}o`@Q.*";1-829-249-8480 x430;Malawi Architect;Grocery;East Soniaport;invoice;42319;Democratic People's Republic of Korea
10;Ila;Schuppe;GenderFluid;"dXhx@W2`h.}mSn.";513.622.9966 x06128;capacitor payment Sports;Executive;Pinellas Park;transform open-source;41027;Lithuania
